<?xml version="1.0" encoding="UTF-8"?>
	<addon id="skin.trio" version="1.0.0" name="Trio" provider-name="Confluence X1 Trio 20131115">
	<requires>
	<import	addon="xbmc.gui" version="4.0.0"/>
	</requires>
	<extension point="xbmc.gui.skin" defaultthemename="Textures.xbt" effectslowdown="0.75" debugging="false">
	<res width="1280" height="720" aspect="16:9" default="true" folder="720p"/>
	</extension>
	<extension point="xbmc.addon.metadata">
	<summary lang="en">Skin Original do X1 Trio</summary>
	<summary lang="pt_BR">Skin Original do X1 Trio</summary>
	<description lang="en">Skin Original do X1 Trio</description>
	<description lang="en_US">Skin Original do X1 Trio</description>
	<description lang="pt_BR">Skin Original do X1 Trio</description>
	<platform>all</platform>
	</extension>
</addon>
